job_id,series_id,site_id,dispatch_time,start_time,end_time,energy_wh,cfp_g,deadline_met,rationale,status
real-000000,site_f5bcf8a88a,site_f5bcf8a88a,2025-11-19T23:00:00+00:00,2025-11-19T23:00:00+00:00,2025-11-19T23:15:00+00:00,23.0010625,0.82803825,True,fcfs: first available slot,done
real-000001,site_f5bcf8a88a,site_f5bcf8a88a,2025-11-19T23:30:00+00:00,2025-11-19T23:30:00+00:00,2025-11-19T23:45:00+00:00,44.13389063,1.58882006,True,fcfs: first available slot,done
real-000002,site_f5bcf8a88a,site_f5bcf8a88a,2025-11-19T23:45:00+00:00,2025-11-19T23:45:00+00:00,2025-11-20T00:00:00+00:00,21.33509375,0.76806337,True,fcfs: first available slot,done
real-000003,site_f5bcf8a88a,site_f5bcf8a88a,2025-11-20T00:00:00+00:00,2025-11-20T00:00:00+00:00,2025-11-20T00:15:00+00:00,20.86461719,0.75112622,True,fcfs: first available slot,done
real-000004,site_f5bcf8a88a,site_f5bcf8a88a,2025-11-20T00:15:00+00:00,2025-11-20T00:15:00+00:00,2025-11-20T00:30:00+00:00,19.54313281,0.70355278,True,fcfs: first available slot,done
real-000005,site_f5bcf8a88a,site_f5bcf8a88a,2025-11-20T00:30:00+00:00,2025-11-20T00:30:00+00:00,2025-11-20T00:45:00+00:00,57.14235937,2.05712494,True,fcfs: first available slot,done
real-000006,site_f5bcf8a88a,site_f5bcf8a88a,2025-11-20T00:45:00+00:00,2025-11-20T00:45:00+00:00,2025-11-20T01:00:00+00:00,78.5115,2.826414,True,fcfs: first available slot,done
real-000007,site_f5bcf8a88a,site_f5bcf8a88a,2025-11-20T01:00:00+00:00,2025-11-20T01:00:00+00:00,2025-11-20T01:15:00+00:00,117.07165104,4.21457944,True,fcfs: first available slot,done
real-000008,site_f5bcf8a88a,site_f5bcf8a88a,2025-11-20T01:15:00+00:00,2025-11-20T01:15:00+00:00,2025-11-20T01:30:00+00:00,126.56650521,4.55639419,True,fcfs: first available slot,done
real-000009,site_e726c7cce5,site_e726c7cce5,2025-11-20T01:30:00+00:00,2025-11-20T01:30:00+00:00,2025-11-20T01:45:00+00:00,55.25139149,1.98905009,True,fcfs: first available slot,done
real-000010,site_f5bcf8a88a,site_f5bcf8a88a,2025-11-20T01:30:00+00:00,2025-11-20T01:30:00+00:00,2025-11-20T01:45:00+00:00,133.81485764,4.81733488,True,fcfs: first available slot,done
real-000011,site_f5bcf8a88a,site_f5bcf8a88a,2025-11-20T01:45:00+00:00,2025-11-20T01:45:00+00:00,2025-11-20T02:00:00+00:00,181.32539583,6.52771425,True,fcfs: first available slot,done
real-000012,site_f5bcf8a88a,site_f5bcf8a88a,2025-11-20T02:00:00+00:00,2025-11-20T02:00:00+00:00,2025-11-20T02:15:00+00:00,367.65974913,13.23575097,True,fcfs: first available slot,done
real-000013,site_f5bcf8a88a,site_f5bcf8a88a,2025-11-20T02:15:00+00:00,2025-11-20T02:15:00+00:00,2025-11-20T02:30:00+00:00,230.79447569,8.30860112,True,fcfs: first available slot,done
real-000014,site_f5bcf8a88a,site_f5bcf8a88a,2025-11-20T02:30:00+00:00,2025-11-20T02:30:00+00:00,2025-11-20T02:45:00+00:00,554.68801215,19.96876844,True,fcfs: first available slot,done
real-000015,site_f5bcf8a88a,site_f5bcf8a88a,2025-11-20T02:45:00+00:00,2025-11-20T02:45:00+00:00,2025-11-20T03:00:00+00:00,521.43004427,18.77148159,True,fcfs: first available slot,done
real-000016,site_f5bcf8a88a,site_f5bcf8a88a,2025-11-20T03:00:00+00:00,2025-11-20T03:00:00+00:00,2025-11-20T03:15:00+00:00,836.39988889,30.110396,True,fcfs: first available slot,done
real-000017,site_f5bcf8a88a,site_f5bcf8a88a,2025-11-20T03:15:00+00:00,2025-11-20T03:15:00+00:00,2025-11-20T03:30:00+00:00,696.20274913,25.06329897,True,fcfs: first available slot,done
real-000018,site_ad3433ffac,site_ad3433ffac,2025-11-20T03:30:00+00:00,2025-11-20T03:30:00+00:00,2025-11-20T03:45:00+00:00,848.45209983,30.54427559,True,fcfs: first available slot,done
real-000019,site_e726c7cce5,site_e726c7cce5,2025-11-20T03:30:00+00:00,2025-11-20T03:30:00+00:00,2025-11-20T03:45:00+00:00,613.16880512,22.07407698,True,fcfs: first available slot,done
real-000020,site_f5bcf8a88a,site_f5bcf8a88a,2025-11-20T03:30:00+00:00,2025-11-20T03:30:00+00:00,2025-11-20T03:45:00+00:00,1187.93149566,42.76553384,True,fcfs: first available slot,done
real-000021,site_f5bcf8a88a,site_f5bcf8a88a,2025-11-20T03:45:00+00:00,2025-11-20T03:45:00+00:00,2025-11-20T04:00:00+00:00,1277.28872309,45.98239403,True,fcfs: first available slot,done
real-000022,site_f5bcf8a88a,site_f5bcf8a88a,2025-11-20T04:00:00+00:00,2025-11-20T04:00:00+00:00,2025-11-20T04:15:00+00:00,1364.33107292,49.11591862,True,fcfs: first available slot,done
real-000023,site_ad3433ffac,site_ad3433ffac,2025-11-20T04:15:00+00:00,2025-11-20T04:15:00+00:00,2025-11-20T04:30:00+00:00,16.69289063,0.60094406,True,fcfs: first available slot,done
real-000024,site_f5bcf8a88a,site_f5bcf8a88a,2025-11-20T04:15:00+00:00,2025-11-20T04:15:00+00:00,2025-11-20T04:30:00+00:00,1617.59450347,58.23340213,True,fcfs: first available slot,done
real-000025,site_ad3433ffac,site_ad3433ffac,2025-11-20T04:30:00+00:00,2025-11-20T04:30:00+00:00,2025-11-20T04:45:00+00:00,8.83431424,0.31803531,True,fcfs: first available slot,done
real-000026,site_e726c7cce5,site_e726c7cce5,2025-11-20T04:30:00+00:00,2025-11-20T04:30:00+00:00,2025-11-20T04:45:00+00:00,12.59185286,0.4533067,True,fcfs: first available slot,done
real-000027,site_f5bcf8a88a,site_f5bcf8a88a,2025-11-20T04:30:00+00:00,2025-11-20T04:30:00+00:00,2025-11-20T04:45:00+00:00,1585.73392622,57.08642134,True,fcfs: first available slot,done
real-000028,site_e726c7cce5,site_e726c7cce5,2025-11-20T04:45:00+00:00,2025-11-20T04:45:00+00:00,2025-11-20T05:00:00+00:00,35.87624349,1.29154477,True,fcfs: first available slot,done
real-000029,site_f5bcf8a88a,site_f5bcf8a88a,2025-11-20T04:45:00+00:00,2025-11-20T04:45:00+00:00,2025-11-20T05:00:00+00:00,1851.94524219,66.67002872,True,fcfs: first available slot,done
real-000030,site_ad3433ffac,site_ad3433ffac,2025-11-20T05:00:00+00:00,2025-11-20T05:00:00+00:00,2025-11-20T05:15:00+00:00,19.47232292,0.70100363,True,fcfs: first available slot,done
real-000031,site_e726c7cce5,site_e726c7cce5,2025-11-20T05:00:00+00:00,2025-11-20T05:00:00+00:00,2025-11-20T05:15:00+00:00,34.04132335,1.22548764,True,fcfs: first available slot,done
real-000032,site_f5bcf8a88a,site_f5bcf8a88a,2025-11-20T05:00:00+00:00,2025-11-20T05:00:00+00:00,2025-11-20T05:15:00+00:00,1699.99011545,61.19964416,True,fcfs: first available slot,done
real-000033,site_f5bcf8a88a,site_f5bcf8a88a,2025-11-20T05:15:00+00:00,2025-11-20T05:15:00+00:00,2025-11-20T05:30:00+00:00,1639.14188628,59.00910791,True,fcfs: first available slot,done
real-000034,site_f5bcf8a88a,site_f5bcf8a88a,2025-11-20T05:30:00+00:00,2025-11-20T05:30:00+00:00,2025-11-20T05:45:00+00:00,1684.17746441,60.63038872,True,fcfs: first available slot,done
real-000035,site_ad3433ffac,site_ad3433ffac,2025-11-20T05:45:00+00:00,2025-11-20T05:45:00+00:00,2025-11-20T06:00:00+00:00,4.28002344,0.15408084,True,fcfs: first available slot,done
real-000036,site_f5bcf8a88a,site_f5bcf8a88a,2025-11-20T05:45:00+00:00,2025-11-20T05:45:00+00:00,2025-11-20T06:00:00+00:00,2321.48764062,83.57355506,True,fcfs: first available slot,done
real-000037,site_f5bcf8a88a,site_f5bcf8a88a,2025-11-20T05:45:00+00:00,2025-11-20T05:45:00+00:00,2025-11-20T06:00:00+00:00,2321.48764062,83.57355506,True,fcfs: first available slot,done
real-000038,site_ad3433ffac,site_ad3433ffac,2025-11-20T06:00:00+00:00,2025-11-20T06:00:00+00:00,2025-11-20T06:15:00+00:00,37.48676215,1.34952344,True,fcfs: first available slot,done
real-000039,site_e726c7cce5,site_e726c7cce5,2025-11-20T06:00:00+00:00,2025-11-20T06:00:00+00:00,2025-11-20T06:15:00+00:00,29.40149523,1.05845383,True,fcfs: first available slot,done
real-000040,site_f5bcf8a88a,site_f5bcf8a88a,2025-11-20T06:00:00+00:00,2025-11-20T06:00:00+00:00,2025-11-20T06:15:00+00:00,1578.36019705,56.82096709,True,fcfs: first available slot,done
real-000041,site_f5bcf8a88a,site_f5bcf8a88a,2025-11-20T06:00:00+00:00,2025-11-20T06:00:00+00:00,2025-11-20T06:15:00+00:00,1578.36019705,56.82096709,True,fcfs: first available slot,done
real-000042,site_ad3433ffac,site_ad3433ffac,2025-11-20T06:15:00+00:00,2025-11-20T06:15:00+00:00,2025-11-20T06:30:00+00:00,18.83401736,0.67802462,True,fcfs: first available slot,done
real-000043,site_e726c7cce5,site_e726c7cce5,2025-11-20T06:15:00+00:00,2025-11-20T06:15:00+00:00,2025-11-20T06:30:00+00:00,116.36481163,4.18913322,True,fcfs: first available slot,done
real-000044,site_f5bcf8a88a,site_f5bcf8a88a,2025-11-20T06:15:00+00:00,2025-11-20T06:15:00+00:00,2025-11-20T06:30:00+00:00,2548.03096701,91.72911481,True,fcfs: first available slot,done
real-000045,site_f5bcf8a88a,site_f5bcf8a88a,2025-11-20T06:15:00+00:00,2025-11-20T06:15:00+00:00,2025-11-20T06:30:00+00:00,2548.03096701,91.72911481,True,fcfs: first available slot,done
real-000046,site_ad3433ffac,site_ad3433ffac,2025-11-20T06:30:00+00:00,2025-11-20T06:30:00+00:00,2025-11-20T06:45:00+00:00,106.57724653,3.83678087,True,fcfs: first available slot,done
real-000047,site_e726c7cce5,site_e726c7cce5,2025-11-20T06:30:00+00:00,2025-11-20T06:30:00+00:00,2025-11-20T06:45:00+00:00,203.85037804,7.33861361,True,fcfs: first available slot,done
real-000048,site_f5bcf8a88a,site_f5bcf8a88a,2025-11-20T06:30:00+00:00,2025-11-20T06:30:00+00:00,2025-11-20T06:45:00+00:00,3519.43519444,126.699667,True,fcfs: first available slot,done
real-000049,site_f5bcf8a88a,site_f5bcf8a88a,2025-11-20T06:30:00+00:00,2025-11-20T06:30:00+00:00,2025-11-20T06:45:00+00:00,3519.43519444,126.699667,True,fcfs: first available slot,done
real-000050,site_ad3433ffac,site_ad3433ffac,2025-11-20T06:45:00+00:00,2025-11-20T06:45:00+00:00,2025-11-20T07:00:00+00:00,245.13483941,8.82485422,True,fcfs: first available slot,done
real-000051,site_e726c7cce5,site_e726c7cce5,2025-11-20T06:45:00+00:00,2025-11-20T06:45:00+00:00,2025-11-20T07:00:00+00:00,476.79356988,17.16456852,True,fcfs: first available slot,done
real-000052,site_f5bcf8a88a,site_f5bcf8a88a,2025-11-20T06:45:00+00:00,2025-11-20T06:45:00+00:00,2025-11-20T07:00:00+00:00,1602.07813976,57.67481303,True,fcfs: first available slot,done
real-000053,site_f5bcf8a88a,site_f5bcf8a88a,2025-11-20T06:45:00+00:00,2025-11-20T06:45:00+00:00,2025-11-20T07:00:00+00:00,1602.07813976,57.67481303,True,fcfs: first available slot,done
real-000054,site_ad3433ffac,site_ad3433ffac,2025-11-20T07:00:00+00:00,2025-11-20T07:00:00+00:00,2025-11-20T07:15:00+00:00,102.72811458,3.69821212,True,fcfs: first available slot,done
real-000055,site_e726c7cce5,site_e726c7cce5,2025-11-20T07:00:00+00:00,2025-11-20T07:00:00+00:00,2025-11-20T07:15:00+00:00,228.10300391,8.21170814,True,fcfs: first available slot,done
real-000056,site_f5bcf8a88a,site_f5bcf8a88a,2025-11-20T07:00:00+00:00,2025-11-20T07:00:00+00:00,2025-11-20T07:15:00+00:00,1456.63665451,52.43891956,True,fcfs: first available slot,done
real-000057,site_f5bcf8a88a,site_f5bcf8a88a,2025-11-20T07:00:00+00:00,2025-11-20T07:00:00+00:00,2025-11-20T07:15:00+00:00,1456.63665451,52.43891956,True,fcfs: first available slot,done
real-000058,site_ad3433ffac,site_ad3433ffac,2025-11-20T07:15:00+00:00,2025-11-20T07:15:00+00:00,2025-11-20T07:30:00+00:00,315.59374132,11.36137469,True,fcfs: first available slot,done
real-000059,site_e726c7cce5,site_e726c7cce5,2025-11-20T07:15:00+00:00,2025-11-20T07:15:00+00:00,2025-11-20T07:30:00+00:00,529.85808811,19.07489117,True,fcfs: first available slot,done
real-000060,site_f5bcf8a88a,site_f5bcf8a88a,2025-11-20T07:15:00+00:00,2025-11-20T07:15:00+00:00,2025-11-20T07:30:00+00:00,1773.78970139,63.85642925,True,fcfs: first available slot,done
real-000061,site_f5bcf8a88a,site_f5bcf8a88a,2025-11-20T07:15:00+00:00,2025-11-20T07:15:00+00:00,2025-11-20T07:30:00+00:00,1773.78970139,63.85642925,True,fcfs: first available slot,done
real-000062,site_ad3433ffac,site_ad3433ffac,2025-11-20T07:30:00+00:00,2025-11-20T07:30:00+00:00,2025-11-20T07:45:00+00:00,79.65738976,2.86766603,True,fcfs: first available slot,done
real-000063,site_e726c7cce5,site_e726c7cce5,2025-11-20T07:30:00+00:00,2025-11-20T07:30:00+00:00,2025-11-20T07:45:00+00:00,117.30566059,4.22300378,True,fcfs: first available slot,done
real-000064,site_f5bcf8a88a,site_f5bcf8a88a,2025-11-20T07:30:00+00:00,2025-11-20T07:30:00+00:00,2025-11-20T07:45:00+00:00,1104.18895052,39.75080222,True,fcfs: first available slot,done
real-000065,site_f5bcf8a88a,site_f5bcf8a88a,2025-11-20T07:30:00+00:00,2025-11-20T07:30:00+00:00,2025-11-20T07:45:00+00:00,1104.18895052,39.75080222,True,fcfs: first available slot,done
real-000066,site_ad3433ffac,site_ad3433ffac,2025-11-20T07:45:00+00:00,2025-11-20T07:45:00+00:00,2025-11-20T08:00:00+00:00,64.35428559,2.31675428,True,fcfs: first available slot,done
real-000067,site_e726c7cce5,site_e726c7cce5,2025-11-20T07:45:00+00:00,2025-11-20T07:45:00+00:00,2025-11-20T08:00:00+00:00,384.26380642,13.83349703,True,fcfs: first available slot,done
real-000068,site_f5bcf8a88a,site_f5bcf8a88a,2025-11-20T07:45:00+00:00,2025-11-20T07:45:00+00:00,2025-11-20T08:00:00+00:00,1197.99003906,43.12764141,True,fcfs: first available slot,done
real-000069,site_f5bcf8a88a,site_f5bcf8a88a,2025-11-20T07:45:00+00:00,2025-11-20T07:45:00+00:00,2025-11-20T08:00:00+00:00,1197.99003906,43.12764141,True,fcfs: first available slot,done
real-000070,site_ad3433ffac,site_ad3433ffac,2025-11-20T08:00:00+00:00,2025-11-20T08:00:00+00:00,2025-11-20T08:15:00+00:00,96.55464583,3.47596725,True,fcfs: first available slot,done
real-000071,site_e726c7cce5,site_e726c7cce5,2025-11-20T08:00:00+00:00,2025-11-20T08:00:00+00:00,2025-11-20T08:15:00+00:00,520.15725217,18.72566108,True,fcfs: first available slot,done
real-000072,site_f5bcf8a88a,site_f5bcf8a88a,2025-11-20T08:00:00+00:00,2025-11-20T08:00:00+00:00,2025-11-20T08:15:00+00:00,1191.48591233,42.89349284,True,fcfs: first available slot,done
real-000073,site_f5bcf8a88a,site_f5bcf8a88a,2025-11-20T08:00:00+00:00,2025-11-20T08:00:00+00:00,2025-11-20T08:15:00+00:00,1191.48591233,42.89349284,True,fcfs: first available slot,done
real-000074,site_ad3433ffac,site_ad3433ffac,2025-11-20T08:15:00+00:00,2025-11-20T08:15:00+00:00,2025-11-20T08:30:00+00:00,302.22133681,10.87996813,True,fcfs: first available slot,done
real-000075,site_e726c7cce5,site_e726c7cce5,2025-11-20T08:15:00+00:00,2025-11-20T08:15:00+00:00,2025-11-20T08:30:00+00:00,1468.78907899,52.87640684,True,fcfs: first available slot,done
real-000076,site_f5bcf8a88a,site_f5bcf8a88a,2025-11-20T08:15:00+00:00,2025-11-20T08:15:00+00:00,2025-11-20T08:30:00+00:00,1037.62572743,37.35452619,True,fcfs: first available slot,done
real-000077,site_f5bcf8a88a,site_f5bcf8a88a,2025-11-20T08:15:00+00:00,2025-11-20T08:15:00+00:00,2025-11-20T08:30:00+00:00,1037.62572743,37.35452619,True,fcfs: first available slot,done
real-000078,site_ad3433ffac,site_ad3433ffac,2025-11-20T08:30:00+00:00,2025-11-20T08:30:00+00:00,2025-11-20T08:45:00+00:00,703.31873524,25.31947447,True,fcfs: first available slot,done
real-000079,site_e726c7cce5,site_e726c7cce5,2025-11-20T08:30:00+00:00,2025-11-20T08:30:00+00:00,2025-11-20T08:45:00+00:00,1606.03756076,57.81735219,True,fcfs: first available slot,done
real-000080,site_f5bcf8a88a,site_f5bcf8a88a,2025-11-20T08:30:00+00:00,2025-11-20T08:30:00+00:00,2025-11-20T08:45:00+00:00,1503.87818837,54.13961478,True,fcfs: first available slot,done
real-000081,site_f5bcf8a88a,site_f5bcf8a88a,2025-11-20T08:30:00+00:00,2025-11-20T08:30:00+00:00,2025-11-20T08:45:00+00:00,1503.87818837,54.13961478,True,fcfs: first available slot,done
real-000082,site_ad3433ffac,site_ad3433ffac,2025-11-20T08:45:00+00:00,2025-11-20T08:45:00+00:00,2025-11-20T09:00:00+00:00,217.43909635,7.82780747,True,fcfs: first available slot,done
real-000083,site_e726c7cce5,site_e726c7cce5,2025-11-20T08:45:00+00:00,2025-11-20T08:45:00+00:00,2025-11-20T09:00:00+00:00,305.27152214,10.9897748,True,fcfs: first available slot,done
real-000084,site_f5bcf8a88a,site_f5bcf8a88a,2025-11-20T08:45:00+00:00,2025-11-20T08:45:00+00:00,2025-11-20T09:00:00+00:00,1147.95382118,41.32633756,True,fcfs: first available slot,done
real-000085,site_f5bcf8a88a,site_f5bcf8a88a,2025-11-20T08:45:00+00:00,2025-11-20T08:45:00+00:00,2025-11-20T09:00:00+00:00,1147.95382118,41.32633756,True,fcfs: first available slot,done
real-000086,site_ad3433ffac,site_ad3433ffac,2025-11-20T09:00:00+00:00,2025-11-20T09:00:00+00:00,2025-11-20T09:15:00+00:00,514.62654601,18.52655566,True,fcfs: first available slot,done
real-000087,site_e726c7cce5,site_e726c7cce5,2025-11-20T09:00:00+00:00,2025-11-20T09:00:00+00:00,2025-11-20T09:15:00+00:00,5610.46524913,201.97674897,True,fcfs: first available slot,done
real-000088,site_e726c7cce5,site_e726c7cce5,2025-11-20T09:00:00+00:00,2025-11-20T09:00:00+00:00,2025-11-20T09:15:00+00:00,5610.46524913,201.97674897,True,fcfs: first available slot,done
real-000089,site_f5bcf8a88a,site_f5bcf8a88a,2025-11-20T09:00:00+00:00,2025-11-20T09:00:00+00:00,2025-11-20T09:15:00+00:00,1202.98998785,43.30763956,True,fcfs: first available slot,done
real-000090,site_f5bcf8a88a,site_f5bcf8a88a,2025-11-20T09:00:00+00:00,2025-11-20T09:00:00+00:00,2025-11-20T09:15:00+00:00,1202.98998785,43.30763956,True,fcfs: first available slot,done
real-000091,site_ad3433ffac,site_ad3433ffac,2025-11-20T09:15:00+00:00,2025-11-20T09:15:00+00:00,2025-11-20T09:30:00+00:00,391.16074566,14.08178684,True,fcfs: first available slot,done
real-000092,site_e726c7cce5,site_e726c7cce5,2025-11-20T09:15:00+00:00,2025-11-20T09:15:00+00:00,2025-11-20T09:30:00+00:00,12283.28122526,442.19812411,True,fcfs: first available slot,done
real-000093,site_e726c7cce5,site_e726c7cce5,2025-11-20T09:15:00+00:00,2025-11-20T09:15:00+00:00,2025-11-20T09:30:00+00:00,12283.28122526,442.19812411,True,fcfs: first available slot,done
real-000094,site_f5bcf8a88a,site_f5bcf8a88a,2025-11-20T09:15:00+00:00,2025-11-20T09:15:00+00:00,2025-11-20T09:30:00+00:00,2162.72442969,77.85807947,True,fcfs: first available slot,done
real-000095,site_f5bcf8a88a,site_f5bcf8a88a,2025-11-20T09:15:00+00:00,2025-11-20T09:15:00+00:00,2025-11-20T09:30:00+00:00,2162.72442969,77.85807947,True,fcfs: first available slot,done
real-000096,site_ad3433ffac,site_ad3433ffac,2025-11-20T09:30:00+00:00,2025-11-20T09:30:00+00:00,2025-11-20T09:45:00+00:00,645.01805122,23.22064984,True,fcfs: first available slot,done
real-000097,site_e726c7cce5,site_e726c7cce5,2025-11-20T09:30:00+00:00,2025-11-20T09:30:00+00:00,2025-11-20T09:45:00+00:00,7179.82426432,258.47367352,True,fcfs: first available slot,done
real-000098,site_e726c7cce5,site_e726c7cce5,2025-11-20T09:30:00+00:00,2025-11-20T09:30:00+00:00,2025-11-20T09:45:00+00:00,7179.82426432,258.47367352,True,fcfs: first available slot,done
real-000099,site_f5bcf8a88a,site_f5bcf8a88a,2025-11-20T09:30:00+00:00,2025-11-20T09:30:00+00:00,2025-11-20T09:45:00+00:00,6677.98038802,240.40729397,True,fcfs: first available slot,done
real-000100,site_f5bcf8a88a,site_f5bcf8a88a,2025-11-20T09:30:00+00:00,2025-11-20T09:30:00+00:00,2025-11-20T09:45:00+00:00,6677.98038802,240.40729397,True,fcfs: first available slot,done
real-000101,site_ad3433ffac,site_ad3433ffac,2025-11-20T09:45:00+00:00,2025-11-20T09:45:00+00:00,2025-11-20T10:00:00+00:00,375.67885677,13.52443884,True,fcfs: first available slot,done
real-000102,site_e726c7cce5,site_e726c7cce5,2025-11-20T09:45:00+00:00,2025-11-20T09:45:00+00:00,2025-11-20T10:00:00+00:00,11403.50613411,410.52622083,True,fcfs: first available slot,done
real-000103,site_e726c7cce5,site_e726c7cce5,2025-11-20T09:45:00+00:00,2025-11-20T09:45:00+00:00,2025-11-20T10:00:00+00:00,11403.50613411,410.52622083,True,fcfs: first available slot,done
real-000104,site_f5bcf8a88a,site_f5bcf8a88a,2025-11-20T09:45:00+00:00,2025-11-20T09:45:00+00:00,2025-11-20T10:00:00+00:00,4493.9909783,161.78367522,True,fcfs: first available slot,done
real-000105,site_f5bcf8a88a,site_f5bcf8a88a,2025-11-20T09:45:00+00:00,2025-11-20T09:45:00+00:00,2025-11-20T10:00:00+00:00,4493.9909783,161.78367522,True,fcfs: first available slot,done
real-000106,site_ad3433ffac,site_ad3433ffac,2025-11-20T10:00:00+00:00,2025-11-20T10:00:00+00:00,2025-11-20T10:15:00+00:00,390.31957726,14.05150478,True,fcfs: first available slot,done
real-000107,site_e726c7cce5,site_e726c7cce5,2025-11-20T10:00:00+00:00,2025-11-20T10:00:00+00:00,2025-11-20T10:15:00+00:00,8067.05132335,290.41384764,True,fcfs: first available slot,done
real-000108,site_e726c7cce5,site_e726c7cce5,2025-11-20T10:00:00+00:00,2025-11-20T10:00:00+00:00,2025-11-20T10:15:00+00:00,8067.05132335,290.41384764,True,fcfs: first available slot,done
real-000109,site_f5bcf8a88a,site_f5bcf8a88a,2025-11-20T10:00:00+00:00,2025-11-20T10:00:00+00:00,2025-11-20T10:15:00+00:00,2608.43081684,93.90350941,True,fcfs: first available slot,done
real-000110,site_f5bcf8a88a,site_f5bcf8a88a,2025-11-20T10:00:00+00:00,2025-11-20T10:00:00+00:00,2025-11-20T10:15:00+00:00,2608.43081684,93.90350941,True,fcfs: first available slot,done
real-000111,site_ad3433ffac,site_ad3433ffac,2025-11-20T10:15:00+00:00,2025-11-20T10:15:00+00:00,2025-11-20T10:30:00+00:00,263.34726562,9.48050156,True,fcfs: first available slot,done
real-000112,site_e726c7cce5,site_e726c7cce5,2025-11-20T10:15:00+00:00,2025-11-20T10:15:00+00:00,2025-11-20T10:30:00+00:00,11014.67583333,396.52833,True,fcfs: first available slot,done
real-000113,site_e726c7cce5,site_e726c7cce5,2025-11-20T10:15:00+00:00,2025-11-20T10:15:00+00:00,2025-11-20T10:30:00+00:00,11014.67583333,396.52833,True,fcfs: first available slot,done
real-000114,site_f5bcf8a88a,site_f5bcf8a88a,2025-11-20T10:15:00+00:00,2025-11-20T10:15:00+00:00,2025-11-20T10:30:00+00:00,1306.94366233,47.04997184,True,fcfs: first available slot,done
real-000115,site_f5bcf8a88a,site_f5bcf8a88a,2025-11-20T10:15:00+00:00,2025-11-20T10:15:00+00:00,2025-11-20T10:30:00+00:00,1306.94366233,47.04997184,True,fcfs: first available slot,done
real-000116,site_ad3433ffac,site_ad3433ffac,2025-11-20T10:30:00+00:00,2025-11-20T10:30:00+00:00,2025-11-20T10:45:00+00:00,526.38740191,18.94994647,True,fcfs: first available slot,done
real-000117,site_e726c7cce5,site_e726c7cce5,2025-11-20T10:30:00+00:00,2025-11-20T10:30:00+00:00,2025-11-20T10:45:00+00:00,5517.55518359,198.63198661,True,fcfs: first available slot,done
real-000118,site_e726c7cce5,site_e726c7cce5,2025-11-20T10:30:00+00:00,2025-11-20T10:30:00+00:00,2025-11-20T10:45:00+00:00,5517.55518359,198.63198661,True,fcfs: first available slot,done
real-000119,site_f5bcf8a88a,site_f5bcf8a88a,2025-11-20T10:30:00+00:00,2025-11-20T10:30:00+00:00,2025-11-20T10:45:00+00:00,1483.88520486,53.41986737,True,fcfs: first available slot,done
real-000120,site_f5bcf8a88a,site_f5bcf8a88a,2025-11-20T10:30:00+00:00,2025-11-20T10:30:00+00:00,2025-11-20T10:45:00+00:00,1483.88520486,53.41986737,True,fcfs: first available slot,done
real-000121,site_ad3433ffac,site_ad3433ffac,2025-11-20T10:45:00+00:00,2025-11-20T10:45:00+00:00,2025-11-20T11:00:00+00:00,393.27655122,14.15795584,True,fcfs: first available slot,done
real-000122,site_e726c7cce5,site_e726c7cce5,2025-11-20T10:45:00+00:00,2025-11-20T10:45:00+00:00,2025-11-20T11:00:00+00:00,17710.3668572,637.57320686,True,fcfs: first available slot,done
real-000123,site_e726c7cce5,site_e726c7cce5,2025-11-20T10:45:00+00:00,2025-11-20T10:45:00+00:00,2025-11-20T11:00:00+00:00,17710.3668572,637.57320686,True,fcfs: first available slot,done
real-000124,site_f5bcf8a88a,site_f5bcf8a88a,2025-11-20T10:45:00+00:00,2025-11-20T10:45:00+00:00,2025-11-20T11:00:00+00:00,1452.38740451,52.28594656,True,fcfs: first available slot,done
real-000125,site_f5bcf8a88a,site_f5bcf8a88a,2025-11-20T10:45:00+00:00,2025-11-20T10:45:00+00:00,2025-11-20T11:00:00+00:00,1452.38740451,52.28594656,True,fcfs: first available slot,done
real-000126,site_ad3433ffac,site_ad3433ffac,2025-11-20T11:00:00+00:00,2025-11-20T11:00:00+00:00,2025-11-20T11:15:00+00:00,329.01488281,11.84453578,True,fcfs: first available slot,done
real-000127,site_e726c7cce5,site_e726c7cce5,2025-11-20T11:00:00+00:00,2025-11-20T11:00:00+00:00,2025-11-20T11:15:00+00:00,10186.88490582,366.72785661,True,fcfs: first available slot,done
real-000128,site_e726c7cce5,site_e726c7cce5,2025-11-20T11:00:00+00:00,2025-11-20T11:00:00+00:00,2025-11-20T11:15:00+00:00,10186.88490582,366.72785661,True,fcfs: first available slot,done
real-000129,site_f5bcf8a88a,site_f5bcf8a88a,2025-11-20T11:00:00+00:00,2025-11-20T11:00:00+00:00,2025-11-20T11:15:00+00:00,1791.83706076,64.50613419,True,fcfs: first available slot,done
real-000130,site_f5bcf8a88a,site_f5bcf8a88a,2025-11-20T11:00:00+00:00,2025-11-20T11:00:00+00:00,2025-11-20T11:15:00+00:00,1791.83706076,64.50613419,True,fcfs: first available slot,done
real-000131,site_ad3433ffac,site_ad3433ffac,2025-11-20T11:15:00+00:00,2025-11-20T11:15:00+00:00,2025-11-20T11:30:00+00:00,472.84518142,17.02242653,True,fcfs: first available slot,done
real-000132,site_e726c7cce5,site_e726c7cce5,2025-11-20T11:15:00+00:00,2025-11-20T11:15:00+00:00,2025-11-20T11:30:00+00:00,6131.85838194,220.74690175,True,fcfs: first available slot,done
real-000133,site_e726c7cce5,site_e726c7cce5,2025-11-20T11:15:00+00:00,2025-11-20T11:15:00+00:00,2025-11-20T11:30:00+00:00,6131.85838194,220.74690175,True,fcfs: first available slot,done
real-000134,site_f5bcf8a88a,site_f5bcf8a88a,2025-11-20T11:15:00+00:00,2025-11-20T11:15:00+00:00,2025-11-20T11:30:00+00:00,1754.7861441,63.17230119,True,fcfs: first available slot,done
real-000135,site_f5bcf8a88a,site_f5bcf8a88a,2025-11-20T11:15:00+00:00,2025-11-20T11:15:00+00:00,2025-11-20T11:30:00+00:00,1754.7861441,63.17230119,True,fcfs: first available slot,done
real-000136,site_ad3433ffac,site_ad3433ffac,2025-11-20T11:30:00+00:00,2025-11-20T11:30:00+00:00,2025-11-20T11:45:00+00:00,483.63332639,17.41079975,True,fcfs: first available slot,done
real-000137,site_e726c7cce5,site_e726c7cce5,2025-11-20T11:30:00+00:00,2025-11-20T11:30:00+00:00,2025-11-20T11:45:00+00:00,684.72515538,24.65010559,True,fcfs: first available slot,done
real-000138,site_f5bcf8a88a,site_f5bcf8a88a,2025-11-20T11:30:00+00:00,2025-11-20T11:30:00+00:00,2025-11-20T11:45:00+00:00,1908.37232205,68.70140359,True,fcfs: first available slot,done
real-000139,site_f5bcf8a88a,site_f5bcf8a88a,2025-11-20T11:30:00+00:00,2025-11-20T11:30:00+00:00,2025-11-20T11:45:00+00:00,1908.37232205,68.70140359,True,fcfs: first available slot,done
real-000140,site_ad3433ffac,site_ad3433ffac,2025-11-20T11:45:00+00:00,2025-11-20T11:45:00+00:00,2025-11-20T12:00:00+00:00,171.48735937,6.17354494,True,fcfs: first available slot,done
real-000141,site_e726c7cce5,site_e726c7cce5,2025-11-20T11:45:00+00:00,2025-11-20T11:45:00+00:00,2025-11-20T12:00:00+00:00,286.78834418,10.32438039,True,fcfs: first available slot,done
real-000142,site_f5bcf8a88a,site_f5bcf8a88a,2025-11-20T11:45:00+00:00,2025-11-20T11:45:00+00:00,2025-11-20T12:00:00+00:00,1926.83692969,69.36612947,True,fcfs: first available slot,done
real-000143,site_f5bcf8a88a,site_f5bcf8a88a,2025-11-20T11:45:00+00:00,2025-11-20T11:45:00+00:00,2025-11-20T12:00:00+00:00,1926.83692969,69.36612947,True,fcfs: first available slot,done
real-000144,site_ad3433ffac,site_ad3433ffac,2025-11-20T12:00:00+00:00,2025-11-20T12:00:00+00:00,2025-11-20T12:15:00+00:00,558.05342535,20.08992331,True,fcfs: first available slot,done
real-000145,site_e726c7cce5,site_e726c7cce5,2025-11-20T12:00:00+00:00,2025-11-20T12:00:00+00:00,2025-11-20T12:15:00+00:00,821.33366406,29.56801191,True,fcfs: first available slot,done
real-000146,site_e726c7cce5,site_e726c7cce5,2025-11-20T12:00:00+00:00,2025-11-20T12:00:00+00:00,2025-11-20T12:15:00+00:00,821.33366406,29.56801191,True,fcfs: first available slot,done
real-000147,site_f5bcf8a88a,site_f5bcf8a88a,2025-11-20T12:00:00+00:00,2025-11-20T12:00:00+00:00,2025-11-20T12:15:00+00:00,1770.53460417,63.73924575,True,fcfs: first available slot,done
real-000148,site_f5bcf8a88a,site_f5bcf8a88a,2025-11-20T12:00:00+00:00,2025-11-20T12:00:00+00:00,2025-11-20T12:15:00+00:00,1770.53460417,63.73924575,True,fcfs: first available slot,done
real-000149,site_ad3433ffac,site_ad3433ffac,2025-11-20T12:15:00+00:00,2025-11-20T12:15:00+00:00,2025-11-20T12:30:00+00:00,272.11302951,9.79606906,True,fcfs: first available slot,done
real-000150,site_e726c7cce5,site_e726c7cce5,2025-11-20T12:15:00+00:00,2025-11-20T12:15:00+00:00,2025-11-20T12:30:00+00:00,1596.51384679,57.47449848,True,fcfs: first available slot,done
real-000151,site_e726c7cce5,site_e726c7cce5,2025-11-20T12:15:00+00:00,2025-11-20T12:15:00+00:00,2025-11-20T12:30:00+00:00,1596.51384679,57.47449848,True,fcfs: first available slot,done
real-000152,site_f5bcf8a88a,site_f5bcf8a88a,2025-11-20T12:15:00+00:00,2025-11-20T12:15:00+00:00,2025-11-20T12:30:00+00:00,4176.02628906,150.33694641,True,fcfs: first available slot,done
real-000153,site_f5bcf8a88a,site_f5bcf8a88a,2025-11-20T12:15:00+00:00,2025-11-20T12:15:00+00:00,2025-11-20T12:30:00+00:00,4176.02628906,150.33694641,True,fcfs: first available slot,done
real-000154,site_ad3433ffac,site_ad3433ffac,2025-11-20T12:30:00+00:00,2025-11-20T12:30:00+00:00,2025-11-20T12:45:00+00:00,601.2863099,21.64630716,True,fcfs: first available slot,done
real-000155,site_e726c7cce5,site_e726c7cce5,2025-11-20T12:30:00+00:00,2025-11-20T12:30:00+00:00,2025-11-20T12:45:00+00:00,827.10363715,29.77573094,True,fcfs: first available slot,done
real-000156,site_e726c7cce5,site_e726c7cce5,2025-11-20T12:30:00+00:00,2025-11-20T12:30:00+00:00,2025-11-20T12:45:00+00:00,827.10363715,29.77573094,True,fcfs: first available slot,done
real-000157,site_f5bcf8a88a,site_f5bcf8a88a,2025-11-20T12:30:00+00:00,2025-11-20T12:30:00+00:00,2025-11-20T12:45:00+00:00,2695.58854514,97.04118763,True,fcfs: first available slot,done
real-000158,site_f5bcf8a88a,site_f5bcf8a88a,2025-11-20T12:30:00+00:00,2025-11-20T12:30:00+00:00,2025-11-20T12:45:00+00:00,2695.58854514,97.04118763,True,fcfs: first available slot,done
real-000159,site_ad3433ffac,site_ad3433ffac,2025-11-20T12:45:00+00:00,2025-11-20T12:45:00+00:00,2025-11-20T13:00:00+00:00,509.21265538,18.33165559,True,fcfs: first available slot,done
real-000160,site_e726c7cce5,site_e726c7cce5,2025-11-20T12:45:00+00:00,2025-11-20T12:45:00+00:00,2025-11-20T13:00:00+00:00,1217.94768316,43.84611659,True,fcfs: first available slot,done
real-000161,site_e726c7cce5,site_e726c7cce5,2025-11-20T12:45:00+00:00,2025-11-20T12:45:00+00:00,2025-11-20T13:00:00+00:00,1217.94768316,43.84611659,True,fcfs: first available slot,done
real-000162,site_f5bcf8a88a,site_f5bcf8a88a,2025-11-20T12:45:00+00:00,2025-11-20T12:45:00+00:00,2025-11-20T13:00:00+00:00,1469.1554783,52.88959722,True,fcfs: first available slot,done
real-000163,site_f5bcf8a88a,site_f5bcf8a88a,2025-11-20T12:45:00+00:00,2025-11-20T12:45:00+00:00,2025-11-20T13:00:00+00:00,1469.1554783,52.88959722,True,fcfs: first available slot,done
real-000164,site_ad3433ffac,site_ad3433ffac,2025-11-20T13:00:00+00:00,2025-11-20T13:00:00+00:00,2025-11-20T13:15:00+00:00,299.68211111,10.788556,True,fcfs: first available slot,done
real-000165,site_e726c7cce5,site_e726c7cce5,2025-11-20T13:00:00+00:00,2025-11-20T13:00:00+00:00,2025-11-20T13:15:00+00:00,1191.31911589,42.88748817,True,fcfs: first available slot,done
real-000166,site_e726c7cce5,site_e726c7cce5,2025-11-20T13:00:00+00:00,2025-11-20T13:00:00+00:00,2025-11-20T13:15:00+00:00,1191.31911589,42.88748817,True,fcfs: first available slot,done
real-000167,site_f5bcf8a88a,site_f5bcf8a88a,2025-11-20T13:00:00+00:00,2025-11-20T13:00:00+00:00,2025-11-20T13:15:00+00:00,650.14991493,23.40539694,True,fcfs: first available slot,done
real-000168,site_f5bcf8a88a,site_f5bcf8a88a,2025-11-20T13:00:00+00:00,2025-11-20T13:00:00+00:00,2025-11-20T13:15:00+00:00,650.14991493,23.40539694,True,fcfs: first available slot,done
real-000169,site_ad3433ffac,site_ad3433ffac,2025-11-20T13:15:00+00:00,2025-11-20T13:15:00+00:00,2025-11-20T13:30:00+00:00,385.07132205,13.86256759,True,fcfs: first available slot,done
real-000170,site_e726c7cce5,site_e726c7cce5,2025-11-20T13:15:00+00:00,2025-11-20T13:15:00+00:00,2025-11-20T13:30:00+00:00,1094.55344792,39.40392413,True,fcfs: first available slot,done
real-000171,site_e726c7cce5,site_e726c7cce5,2025-11-20T13:15:00+00:00,2025-11-20T13:15:00+00:00,2025-11-20T13:30:00+00:00,1094.55344792,39.40392413,True,fcfs: first available slot,done
real-000172,site_f5bcf8a88a,site_f5bcf8a88a,2025-11-20T13:15:00+00:00,2025-11-20T13:15:00+00:00,2025-11-20T13:30:00+00:00,218.16822135,7.85405597,True,fcfs: first available slot,done
real-000173,site_ad3433ffac,site_ad3433ffac,2025-11-20T13:30:00+00:00,2025-11-20T13:30:00+00:00,2025-11-20T13:45:00+00:00,477.54180903,17.19150512,True,fcfs: first available slot,done
real-000174,site_e726c7cce5,site_e726c7cce5,2025-11-20T13:30:00+00:00,2025-11-20T13:30:00+00:00,2025-11-20T13:45:00+00:00,1868.4341658,67.26362997,True,fcfs: first available slot,done
real-000175,site_e726c7cce5,site_e726c7cce5,2025-11-20T13:30:00+00:00,2025-11-20T13:30:00+00:00,2025-11-20T13:45:00+00:00,1868.4341658,67.26362997,True,fcfs: first available slot,done
real-000176,site_f5bcf8a88a,site_f5bcf8a88a,2025-11-20T13:30:00+00:00,2025-11-20T13:30:00+00:00,2025-11-20T13:45:00+00:00,178.68375868,6.43261531,True,fcfs: first available slot,done
real-000177,site_ad3433ffac,site_ad3433ffac,2025-11-20T13:45:00+00:00,2025-11-20T13:45:00+00:00,2025-11-20T14:00:00+00:00,155.58909635,5.60120747,True,fcfs: first available slot,done
real-000178,site_e726c7cce5,site_e726c7cce5,2025-11-20T13:45:00+00:00,2025-11-20T13:45:00+00:00,2025-11-20T14:00:00+00:00,1958.16894227,70.49408192,True,fcfs: first available slot,done
real-000179,site_e726c7cce5,site_e726c7cce5,2025-11-20T13:45:00+00:00,2025-11-20T13:45:00+00:00,2025-11-20T14:00:00+00:00,1958.16894227,70.49408192,True,fcfs: first available slot,done
real-000180,site_f5bcf8a88a,site_f5bcf8a88a,2025-11-20T13:45:00+00:00,2025-11-20T13:45:00+00:00,2025-11-20T14:00:00+00:00,100.60383073,3.62173791,True,fcfs: first available slot,done
real-000181,site_ad3433ffac,site_ad3433ffac,2025-11-20T14:00:00+00:00,2025-11-20T14:00:00+00:00,2025-11-20T14:15:00+00:00,227.59193056,8.1933095,True,fcfs: first available slot,done
real-000182,site_e726c7cce5,site_e726c7cce5,2025-11-20T14:00:00+00:00,2025-11-20T14:00:00+00:00,2025-11-20T14:15:00+00:00,2120.63700825,76.3429323,True,fcfs: first available slot,done
real-000183,site_e726c7cce5,site_e726c7cce5,2025-11-20T14:00:00+00:00,2025-11-20T14:00:00+00:00,2025-11-20T14:15:00+00:00,2120.63700825,76.3429323,True,fcfs: first available slot,done
real-000184,site_f5bcf8a88a,site_f5bcf8a88a,2025-11-20T14:00:00+00:00,2025-11-20T14:00:00+00:00,2025-11-20T14:15:00+00:00,154.84559549,5.57444144,True,fcfs: first available slot,done
real-000185,site_ad3433ffac,site_ad3433ffac,2025-11-20T14:15:00+00:00,2025-11-20T14:15:00+00:00,2025-11-20T14:30:00+00:00,158.61874566,5.71027484,True,fcfs: first available slot,done
real-000186,site_e726c7cce5,site_e726c7cce5,2025-11-20T14:15:00+00:00,2025-11-20T14:15:00+00:00,2025-11-20T14:30:00+00:00,2247.7016467,80.91725928,True,fcfs: first available slot,done
real-000187,site_e726c7cce5,site_e726c7cce5,2025-11-20T14:15:00+00:00,2025-11-20T14:15:00+00:00,2025-11-20T14:30:00+00:00,2247.7016467,80.91725928,True,fcfs: first available slot,done
real-000188,site_f5bcf8a88a,site_f5bcf8a88a,2025-11-20T14:15:00+00:00,2025-11-20T14:15:00+00:00,2025-11-20T14:30:00+00:00,325.50412326,11.71814844,True,fcfs: first available slot,done
real-000189,site_ad3433ffac,site_ad3433ffac,2025-11-20T14:30:00+00:00,2025-11-20T14:30:00+00:00,2025-11-20T14:45:00+00:00,565.89918403,20.37237062,True,fcfs: first available slot,done
real-000190,site_e726c7cce5,site_e726c7cce5,2025-11-20T14:30:00+00:00,2025-11-20T14:30:00+00:00,2025-11-20T14:45:00+00:00,3628.63848134,130.63098533,True,fcfs: first available slot,done
real-000191,site_e726c7cce5,site_e726c7cce5,2025-11-20T14:30:00+00:00,2025-11-20T14:30:00+00:00,2025-11-20T14:45:00+00:00,3628.63848134,130.63098533,True,fcfs: first available slot,done
real-000192,site_f5bcf8a88a,site_f5bcf8a88a,2025-11-20T14:30:00+00:00,2025-11-20T14:30:00+00:00,2025-11-20T14:45:00+00:00,268.1221684,9.65239806,True,fcfs: first available slot,done
real-000193,site_ad3433ffac,site_ad3433ffac,2025-11-20T14:45:00+00:00,2025-11-20T14:45:00+00:00,2025-11-20T15:00:00+00:00,424.59924653,15.28557287,True,fcfs: first available slot,done
real-000194,site_e726c7cce5,site_e726c7cce5,2025-11-20T14:45:00+00:00,2025-11-20T14:45:00+00:00,2025-11-20T15:00:00+00:00,2593.30862804,93.35911061,True,fcfs: first available slot,done
real-000195,site_e726c7cce5,site_e726c7cce5,2025-11-20T14:45:00+00:00,2025-11-20T14:45:00+00:00,2025-11-20T15:00:00+00:00,2593.30862804,93.35911061,True,fcfs: first available slot,done
real-000196,site_f5bcf8a88a,site_f5bcf8a88a,2025-11-20T14:45:00+00:00,2025-11-20T14:45:00+00:00,2025-11-20T15:00:00+00:00,357.7146033,12.87772572,True,fcfs: first available slot,done
real-000197,site_ad3433ffac,site_ad3433ffac,2025-11-20T15:00:00+00:00,2025-11-20T15:00:00+00:00,2025-11-20T15:15:00+00:00,177.32488021,6.38369569,True,fcfs: first available slot,done
real-000198,site_e726c7cce5,site_e726c7cce5,2025-11-20T15:00:00+00:00,2025-11-20T15:00:00+00:00,2025-11-20T15:15:00+00:00,3581.16866059,128.92207178,True,fcfs: first available slot,done
real-000199,site_e726c7cce5,site_e726c7cce5,2025-11-20T15:00:00+00:00,2025-11-20T15:00:00+00:00,2025-11-20T15:15:00+00:00,3581.16866059,128.92207178,True,fcfs: first available slot,done
real-000200,site_f5bcf8a88a,site_f5bcf8a88a,2025-11-20T15:00:00+00:00,2025-11-20T15:00:00+00:00,2025-11-20T15:15:00+00:00,292.87462153,10.54348637,True,fcfs: first available slot,done
real-000201,site_ad3433ffac,site_ad3433ffac,2025-11-20T15:15:00+00:00,2025-11-20T15:15:00+00:00,2025-11-20T15:30:00+00:00,170.98450868,6.15544231,True,fcfs: first available slot,done
real-000202,site_e726c7cce5,site_e726c7cce5,2025-11-20T15:15:00+00:00,2025-11-20T15:15:00+00:00,2025-11-20T15:30:00+00:00,2884.18945139,103.83082025,True,fcfs: first available slot,done
real-000203,site_e726c7cce5,site_e726c7cce5,2025-11-20T15:15:00+00:00,2025-11-20T15:15:00+00:00,2025-11-20T15:30:00+00:00,2884.18945139,103.83082025,True,fcfs: first available slot,done
real-000204,site_f5bcf8a88a,site_f5bcf8a88a,2025-11-20T15:15:00+00:00,2025-11-20T15:15:00+00:00,2025-11-20T15:30:00+00:00,410.82481424,14.78969331,True,fcfs: first available slot,done
real-000205,site_ad3433ffac,site_ad3433ffac,2025-11-20T15:30:00+00:00,2025-11-20T15:30:00+00:00,2025-11-20T15:45:00+00:00,157.03620313,5.65330331,True,fcfs: first available slot,done
real-000206,site_e726c7cce5,site_e726c7cce5,2025-11-20T15:30:00+00:00,2025-11-20T15:30:00+00:00,2025-11-20T15:45:00+00:00,3251.24116319,117.04468188,True,fcfs: first available slot,done
real-000207,site_e726c7cce5,site_e726c7cce5,2025-11-20T15:30:00+00:00,2025-11-20T15:30:00+00:00,2025-11-20T15:45:00+00:00,3251.24116319,117.04468188,True,fcfs: first available slot,done
real-000208,site_f5bcf8a88a,site_f5bcf8a88a,2025-11-20T15:30:00+00:00,2025-11-20T15:30:00+00:00,2025-11-20T15:45:00+00:00,461.46522222,16.612748,True,fcfs: first available slot,done
real-000209,site_ad3433ffac,site_ad3433ffac,2025-11-20T15:45:00+00:00,2025-11-20T15:45:00+00:00,2025-11-20T16:00:00+00:00,438.66463628,15.79192691,True,fcfs: first available slot,done
real-000210,site_e726c7cce5,site_e726c7cce5,2025-11-20T15:45:00+00:00,2025-11-20T15:45:00+00:00,2025-11-20T16:00:00+00:00,1101.65378168,39.65953614,True,fcfs: first available slot,done
real-000211,site_e726c7cce5,site_e726c7cce5,2025-11-20T15:45:00+00:00,2025-11-20T15:45:00+00:00,2025-11-20T16:00:00+00:00,1101.65378168,39.65953614,True,fcfs: first available slot,done
real-000212,site_f5bcf8a88a,site_f5bcf8a88a,2025-11-20T15:45:00+00:00,2025-11-20T15:45:00+00:00,2025-11-20T16:00:00+00:00,730.99424306,26.31579275,True,fcfs: first available slot,done
real-000213,site_ad3433ffac,site_ad3433ffac,2025-11-20T16:00:00+00:00,2025-11-20T16:00:00+00:00,2025-11-20T16:15:00+00:00,962.47341667,34.649043,True,fcfs: first available slot,done
real-000214,site_e726c7cce5,site_e726c7cce5,2025-11-20T16:00:00+00:00,2025-11-20T16:00:00+00:00,2025-11-20T16:15:00+00:00,480.32076172,17.29154742,True,fcfs: first available slot,done
real-000215,site_f5bcf8a88a,site_f5bcf8a88a,2025-11-20T16:00:00+00:00,2025-11-20T16:00:00+00:00,2025-11-20T16:15:00+00:00,675.07970573,24.30286941,True,fcfs: first available slot,done
real-000216,site_ad3433ffac,site_ad3433ffac,2025-11-20T16:15:00+00:00,2025-11-20T16:15:00+00:00,2025-11-20T16:30:00+00:00,1632.86417188,58.78311019,True,fcfs: first available slot,done
real-000217,site_e726c7cce5,site_e726c7cce5,2025-11-20T16:15:00+00:00,2025-11-20T16:15:00+00:00,2025-11-20T16:30:00+00:00,594.30978733,21.39515234,True,fcfs: first available slot,done
real-000218,site_f5bcf8a88a,site_f5bcf8a88a,2025-11-20T16:15:00+00:00,2025-11-20T16:15:00+00:00,2025-11-20T16:30:00+00:00,1072.24016927,38.60064609,True,fcfs: first available slot,done
real-000219,site_ad3433ffac,site_ad3433ffac,2025-11-20T16:30:00+00:00,2025-11-20T16:30:00+00:00,2025-11-20T16:45:00+00:00,37.23886979,1.34059931,True,fcfs: first available slot,done
real-000220,site_e726c7cce5,site_e726c7cce5,2025-11-20T16:30:00+00:00,2025-11-20T16:30:00+00:00,2025-11-20T16:45:00+00:00,147.41453472,5.30692325,True,fcfs: first available slot,done
real-000221,site_f5bcf8a88a,site_f5bcf8a88a,2025-11-20T16:30:00+00:00,2025-11-20T16:30:00+00:00,2025-11-20T16:45:00+00:00,93.0022066,3.34807944,True,fcfs: first available slot,done
real-000222,site_ad3433ffac,site_ad3433ffac,2025-11-20T16:45:00+00:00,2025-11-20T16:45:00+00:00,2025-11-20T17:00:00+00:00,145.21280208,5.22766088,True,fcfs: first available slot,done
real-000223,site_e726c7cce5,site_e726c7cce5,2025-11-20T16:45:00+00:00,2025-11-20T16:45:00+00:00,2025-11-20T17:00:00+00:00,302.52450825,10.8908823,True,fcfs: first available slot,done
real-000224,site_f5bcf8a88a,site_f5bcf8a88a,2025-11-20T16:45:00+00:00,2025-11-20T16:45:00+00:00,2025-11-20T17:00:00+00:00,184.02146181,6.62477263,True,fcfs: first available slot,done
real-000225,site_ad3433ffac,site_ad3433ffac,2025-11-20T17:00:00+00:00,2025-11-20T17:00:00+00:00,2025-11-20T17:15:00+00:00,214.71734896,7.72982456,True,fcfs: first available slot,done
real-000226,site_e726c7cce5,site_e726c7cce5,2025-11-20T17:00:00+00:00,2025-11-20T17:00:00+00:00,2025-11-20T17:15:00+00:00,140.3674974,5.05322991,True,fcfs: first available slot,done
real-000227,site_f5bcf8a88a,site_f5bcf8a88a,2025-11-20T17:00:00+00:00,2025-11-20T17:00:00+00:00,2025-11-20T17:15:00+00:00,84.24253646,3.03273131,True,fcfs: first available slot,done
real-000228,site_ad3433ffac,site_ad3433ffac,2025-11-20T17:15:00+00:00,2025-11-20T17:15:00+00:00,2025-11-20T17:30:00+00:00,416.57907205,14.99684659,True,fcfs: first available slot,done
real-000229,site_e726c7cce5,site_e726c7cce5,2025-11-20T17:15:00+00:00,2025-11-20T17:15:00+00:00,2025-11-20T17:30:00+00:00,63.8884809,2.29998531,True,fcfs: first available slot,done
real-000230,site_f5bcf8a88a,site_f5bcf8a88a,2025-11-20T17:15:00+00:00,2025-11-20T17:15:00+00:00,2025-11-20T17:30:00+00:00,47.44238802,1.70792597,True,fcfs: first available slot,done
real-000231,site_ad3433ffac,site_ad3433ffac,2025-11-20T17:30:00+00:00,2025-11-20T17:30:00+00:00,2025-11-20T17:45:00+00:00,288.27341753,10.37784303,True,fcfs: first available slot,done
real-000232,site_e726c7cce5,site_e726c7cce5,2025-11-20T17:30:00+00:00,2025-11-20T17:30:00+00:00,2025-11-20T17:45:00+00:00,54.20888064,1.9515197,True,fcfs: first available slot,done
real-000233,site_f5bcf8a88a,site_f5bcf8a88a,2025-11-20T17:30:00+00:00,2025-11-20T17:30:00+00:00,2025-11-20T17:45:00+00:00,113.76131858,4.09540747,True,fcfs: first available slot,done
real-000234,site_ad3433ffac,site_ad3433ffac,2025-11-20T17:45:00+00:00,2025-11-20T17:45:00+00:00,2025-11-20T18:00:00+00:00,217.585125,7.8330645,True,fcfs: first available slot,done
real-000235,site_e726c7cce5,site_e726c7cce5,2025-11-20T17:45:00+00:00,2025-11-20T17:45:00+00:00,2025-11-20T18:00:00+00:00,128.26283854,4.61746219,True,fcfs: first available slot,done
real-000236,site_f5bcf8a88a,site_f5bcf8a88a,2025-11-20T17:45:00+00:00,2025-11-20T17:45:00+00:00,2025-11-20T18:00:00+00:00,130.92026302,4.71312947,True,fcfs: first available slot,done
real-000237,site_ad3433ffac,site_ad3433ffac,2025-11-20T18:00:00+00:00,2025-11-20T18:00:00+00:00,2025-11-20T18:15:00+00:00,111.19179427,4.00290459,True,fcfs: first available slot,done
real-000238,site_e726c7cce5,site_e726c7cce5,2025-11-20T18:00:00+00:00,2025-11-20T18:00:00+00:00,2025-11-20T18:15:00+00:00,35.41346398,1.2748847,True,fcfs: first available slot,done
real-000239,site_f5bcf8a88a,site_f5bcf8a88a,2025-11-20T18:00:00+00:00,2025-11-20T18:00:00+00:00,2025-11-20T18:15:00+00:00,58.76240712,2.11544666,True,fcfs: first available slot,done
real-000240,site_ad3433ffac,site_ad3433ffac,2025-11-20T18:15:00+00:00,2025-11-20T18:15:00+00:00,2025-11-20T18:30:00+00:00,263.28041667,9.478095,True,fcfs: first available slot,done
real-000241,site_e726c7cce5,site_e726c7cce5,2025-11-20T18:15:00+00:00,2025-11-20T18:15:00+00:00,2025-11-20T18:30:00+00:00,180.12145616,6.48437242,True,fcfs: first available slot,done
real-000242,site_f5bcf8a88a,site_f5bcf8a88a,2025-11-20T18:15:00+00:00,2025-11-20T18:15:00+00:00,2025-11-20T18:30:00+00:00,69.46115278,2.5006015,True,fcfs: first available slot,done
real-000243,site_ad3433ffac,site_ad3433ffac,2025-11-20T18:30:00+00:00,2025-11-20T18:30:00+00:00,2025-11-20T18:45:00+00:00,213.83098611,7.6979155,True,fcfs: first available slot,done
real-000244,site_e726c7cce5,site_e726c7cce5,2025-11-20T18:30:00+00:00,2025-11-20T18:30:00+00:00,2025-11-20T18:45:00+00:00,112.25936328,4.04133708,True,fcfs: first available slot,done
real-000245,site_f5bcf8a88a,site_f5bcf8a88a,2025-11-20T18:30:00+00:00,2025-11-20T18:30:00+00:00,2025-11-20T18:45:00+00:00,157.28118403,5.66212263,True,fcfs: first available slot,done
real-000246,site_ad3433ffac,site_ad3433ffac,2025-11-20T18:45:00+00:00,2025-11-20T18:45:00+00:00,2025-11-20T19:00:00+00:00,564.57954601,20.32486366,True,fcfs: first available slot,done
real-000247,site_e726c7cce5,site_e726c7cce5,2025-11-20T18:45:00+00:00,2025-11-20T18:45:00+00:00,2025-11-20T19:00:00+00:00,454.33936111,16.356217,True,fcfs: first available slot,done
real-000248,site_f5bcf8a88a,site_f5bcf8a88a,2025-11-20T18:45:00+00:00,2025-11-20T18:45:00+00:00,2025-11-20T19:00:00+00:00,488.39079948,17.58206878,True,fcfs: first available slot,done
real-000249,site_ad3433ffac,site_ad3433ffac,2025-11-20T19:00:00+00:00,2025-11-20T19:00:00+00:00,2025-11-20T19:15:00+00:00,321.25407118,11.56514656,True,fcfs: first available slot,done
real-000250,site_e726c7cce5,site_e726c7cce5,2025-11-20T19:00:00+00:00,2025-11-20T19:00:00+00:00,2025-11-20T19:15:00+00:00,153.4443763,5.52399755,True,fcfs: first available slot,done
real-000251,site_f5bcf8a88a,site_f5bcf8a88a,2025-11-20T19:00:00+00:00,2025-11-20T19:00:00+00:00,2025-11-20T19:15:00+00:00,276.94937674,9.97017756,True,fcfs: first available slot,done
real-000252,site_ad3433ffac,site_ad3433ffac,2025-11-20T19:15:00+00:00,2025-11-20T19:15:00+00:00,2025-11-20T19:30:00+00:00,340.27313802,12.24983297,True,fcfs: first available slot,done
real-000253,site_e726c7cce5,site_e726c7cce5,2025-11-20T19:15:00+00:00,2025-11-20T19:15:00+00:00,2025-11-20T19:30:00+00:00,448.50228559,16.14608228,True,fcfs: first available slot,done
real-000254,site_e726c7cce5,site_e726c7cce5,2025-11-20T19:15:00+00:00,2025-11-20T19:15:00+00:00,2025-11-20T19:30:00+00:00,448.50228559,16.14608228,True,fcfs: first available slot,done
real-000255,site_f5bcf8a88a,site_f5bcf8a88a,2025-11-20T19:15:00+00:00,2025-11-20T19:15:00+00:00,2025-11-20T19:30:00+00:00,223.35079861,8.04062875,True,fcfs: first available slot,done
real-000256,site_ad3433ffac,site_ad3433ffac,2025-11-20T19:30:00+00:00,2025-11-20T19:30:00+00:00,2025-11-20T19:45:00+00:00,252.79929688,9.10077469,True,fcfs: first available slot,done
real-000257,site_e726c7cce5,site_e726c7cce5,2025-11-20T19:30:00+00:00,2025-11-20T19:30:00+00:00,2025-11-20T19:45:00+00:00,406.15525347,14.62158912,True,fcfs: first available slot,done
real-000258,site_f5bcf8a88a,site_f5bcf8a88a,2025-11-20T19:30:00+00:00,2025-11-20T19:30:00+00:00,2025-11-20T19:45:00+00:00,350.90068403,12.63242463,True,fcfs: first available slot,done
real-000259,site_ad3433ffac,site_ad3433ffac,2025-11-20T19:45:00+00:00,2025-11-20T19:45:00+00:00,2025-11-20T20:00:00+00:00,93.81779427,3.37744059,True,fcfs: first available slot,done
real-000260,site_e726c7cce5,site_e726c7cce5,2025-11-20T19:45:00+00:00,2025-11-20T19:45:00+00:00,2025-11-20T20:00:00+00:00,336.72898872,12.12224359,True,fcfs: first available slot,done
real-000261,site_f5bcf8a88a,site_f5bcf8a88a,2025-11-20T19:45:00+00:00,2025-11-20T19:45:00+00:00,2025-11-20T20:00:00+00:00,282.77046267,10.17973666,True,fcfs: first available slot,done
real-000262,site_ad3433ffac,site_ad3433ffac,2025-11-20T20:00:00+00:00,2025-11-20T20:00:00+00:00,2025-11-20T20:15:00+00:00,94.30570052,3.39500522,True,fcfs: first available slot,done
real-000263,site_e726c7cce5,site_e726c7cce5,2025-11-20T20:00:00+00:00,2025-11-20T20:00:00+00:00,2025-11-20T20:15:00+00:00,309.26751042,11.13363037,True,fcfs: first available slot,done
real-000264,site_f5bcf8a88a,site_f5bcf8a88a,2025-11-20T20:00:00+00:00,2025-11-20T20:00:00+00:00,2025-11-20T20:15:00+00:00,665.97980903,23.97527312,True,fcfs: first available slot,done
real-000265,site_ad3433ffac,site_ad3433ffac,2025-11-20T20:15:00+00:00,2025-11-20T20:15:00+00:00,2025-11-20T20:30:00+00:00,50.57962847,1.82086663,True,fcfs: first available slot,done
real-000266,site_e726c7cce5,site_e726c7cce5,2025-11-20T20:15:00+00:00,2025-11-20T20:15:00+00:00,2025-11-20T20:30:00+00:00,188.52285373,6.78682273,True,fcfs: first available slot,done
real-000267,site_f5bcf8a88a,site_f5bcf8a88a,2025-11-20T20:15:00+00:00,2025-11-20T20:15:00+00:00,2025-11-20T20:30:00+00:00,900.65176042,32.42346338,True,fcfs: first available slot,done
real-000268,site_ad3433ffac,site_ad3433ffac,2025-11-20T20:30:00+00:00,2025-11-20T20:30:00+00:00,2025-11-20T20:45:00+00:00,46.80134983,1.68484859,True,fcfs: first available slot,done
real-000269,site_e726c7cce5,site_e726c7cce5,2025-11-20T20:30:00+00:00,2025-11-20T20:30:00+00:00,2025-11-20T20:45:00+00:00,57.652227,2.07548017,True,fcfs: first available slot,done
real-000270,site_f5bcf8a88a,site_f5bcf8a88a,2025-11-20T20:30:00+00:00,2025-11-20T20:30:00+00:00,2025-11-20T20:45:00+00:00,722.75425608,26.01915322,True,fcfs: first available slot,done
real-000271,site_ad3433ffac,site_ad3433ffac,2025-11-20T20:45:00+00:00,2025-11-20T20:45:00+00:00,2025-11-20T21:00:00+00:00,309.24161632,11.13269819,True,fcfs: first available slot,done
real-000272,site_e726c7cce5,site_e726c7cce5,2025-11-20T20:45:00+00:00,2025-11-20T20:45:00+00:00,2025-11-20T21:00:00+00:00,110.53974653,3.97943088,True,fcfs: first available slot,done
real-000273,site_f5bcf8a88a,site_f5bcf8a88a,2025-11-20T20:45:00+00:00,2025-11-20T20:45:00+00:00,2025-11-20T21:00:00+00:00,487.29638889,17.54267,True,fcfs: first available slot,done
real-000274,site_ad3433ffac,site_ad3433ffac,2025-11-20T21:00:00+00:00,2025-11-20T21:00:00+00:00,2025-11-20T21:15:00+00:00,56.54479427,2.03561259,True,fcfs: first available slot,done
real-000275,site_e726c7cce5,site_e726c7cce5,2025-11-20T21:00:00+00:00,2025-11-20T21:00:00+00:00,2025-11-20T21:15:00+00:00,103.82790929,3.73780473,True,fcfs: first available slot,done
real-000276,site_f5bcf8a88a,site_f5bcf8a88a,2025-11-20T21:00:00+00:00,2025-11-20T21:00:00+00:00,2025-11-20T21:15:00+00:00,327.28437326,11.78223744,True,fcfs: first available slot,done
real-000277,site_ad3433ffac,site_ad3433ffac,2025-11-20T21:15:00+00:00,2025-11-20T21:15:00+00:00,2025-11-20T21:30:00+00:00,214.07959375,7.70686537,True,fcfs: first available slot,done
real-000278,site_e726c7cce5,site_e726c7cce5,2025-11-20T21:15:00+00:00,2025-11-20T21:15:00+00:00,2025-11-20T21:30:00+00:00,252.03498958,9.07325962,True,fcfs: first available slot,done
real-000279,site_f5bcf8a88a,site_f5bcf8a88a,2025-11-20T21:15:00+00:00,2025-11-20T21:15:00+00:00,2025-11-20T21:30:00+00:00,377.50820747,13.59029547,True,fcfs: first available slot,done
real-000280,site_ad3433ffac,site_ad3433ffac,2025-11-20T21:30:00+00:00,2025-11-20T21:30:00+00:00,2025-11-20T21:45:00+00:00,98.99888976,3.56396003,True,fcfs: first available slot,done
real-000281,site_e726c7cce5,site_e726c7cce5,2025-11-20T21:30:00+00:00,2025-11-20T21:30:00+00:00,2025-11-20T21:45:00+00:00,41.88064019,1.50770305,True,fcfs: first available slot,done
real-000282,site_f5bcf8a88a,site_f5bcf8a88a,2025-11-20T21:30:00+00:00,2025-11-20T21:30:00+00:00,2025-11-20T21:45:00+00:00,151.80061806,5.46482225,True,fcfs: first available slot,done
real-000283,site_ad3433ffac,site_ad3433ffac,2025-11-20T21:45:00+00:00,2025-11-20T21:45:00+00:00,2025-11-20T22:00:00+00:00,158.50739323,5.70626616,True,fcfs: first available slot,done
real-000284,site_e726c7cce5,site_e726c7cce5,2025-11-20T21:45:00+00:00,2025-11-20T21:45:00+00:00,2025-11-20T22:00:00+00:00,217.90241016,7.84448677,True,fcfs: first available slot,done
real-000285,site_e726c7cce5,site_e726c7cce5,2025-11-20T21:45:00+00:00,2025-11-20T21:45:00+00:00,2025-11-20T22:00:00+00:00,217.90241016,7.84448677,True,fcfs: first available slot,done
real-000286,site_f5bcf8a88a,site_f5bcf8a88a,2025-11-20T21:45:00+00:00,2025-11-20T21:45:00+00:00,2025-11-20T22:00:00+00:00,87.89458767,3.16420516,True,fcfs: first available slot,done
real-000287,site_ad3433ffac,site_ad3433ffac,2025-11-20T22:00:00+00:00,2025-11-20T22:00:00+00:00,2025-11-20T22:15:00+00:00,379.06109896,13.64619956,True,fcfs: first available slot,done
real-000288,site_e726c7cce5,site_e726c7cce5,2025-11-20T22:00:00+00:00,2025-11-20T22:00:00+00:00,2025-11-20T22:15:00+00:00,84.32343967,3.03564383,True,fcfs: first available slot,done
real-000289,site_e726c7cce5,site_e726c7cce5,2025-11-20T22:00:00+00:00,2025-11-20T22:00:00+00:00,2025-11-20T22:15:00+00:00,84.32343967,3.03564383,True,fcfs: first available slot,done
real-000290,site_f5bcf8a88a,site_f5bcf8a88a,2025-11-20T22:00:00+00:00,2025-11-20T22:00:00+00:00,2025-11-20T22:15:00+00:00,228.30933854,8.21913619,True,fcfs: first available slot,done
real-000291,site_ad3433ffac,site_ad3433ffac,2025-11-20T22:15:00+00:00,2025-11-20T22:15:00+00:00,2025-11-20T22:30:00+00:00,126.28620226,4.54630328,True,fcfs: first available slot,done
real-000292,site_e726c7cce5,site_e726c7cce5,2025-11-20T22:15:00+00:00,2025-11-20T22:15:00+00:00,2025-11-20T22:30:00+00:00,365.29160937,13.15049794,True,fcfs: first available slot,done
real-000293,site_e726c7cce5,site_e726c7cce5,2025-11-20T22:15:00+00:00,2025-11-20T22:15:00+00:00,2025-11-20T22:30:00+00:00,365.29160937,13.15049794,True,fcfs: first available slot,done
real-000294,site_f5bcf8a88a,site_f5bcf8a88a,2025-11-20T22:15:00+00:00,2025-11-20T22:15:00+00:00,2025-11-20T22:30:00+00:00,223.18323177,8.03459634,True,fcfs: first available slot,done
real-000295,site_ad3433ffac,site_ad3433ffac,2025-11-20T22:30:00+00:00,2025-11-20T22:30:00+00:00,2025-11-20T22:45:00+00:00,128.69911979,4.63316831,True,fcfs: first available slot,done
real-000296,site_e726c7cce5,site_e726c7cce5,2025-11-20T22:30:00+00:00,2025-11-20T22:30:00+00:00,2025-11-20T22:45:00+00:00,33.99853689,1.22394733,True,fcfs: first available slot,done
real-000297,site_f5bcf8a88a,site_f5bcf8a88a,2025-11-20T22:30:00+00:00,2025-11-20T22:30:00+00:00,2025-11-20T22:45:00+00:00,117.43403038,4.22762509,True,fcfs: first available slot,done
real-000298,site_ad3433ffac,site_ad3433ffac,2025-11-20T22:45:00+00:00,2025-11-20T22:45:00+00:00,2025-11-20T23:00:00+00:00,592.36177517,21.32502391,True,fcfs: first available slot,done
real-000299,site_e726c7cce5,site_e726c7cce5,2025-11-20T22:45:00+00:00,2025-11-20T22:45:00+00:00,2025-11-20T23:00:00+00:00,63.83535069,2.29807263,True,fcfs: first available slot,done
real-000300,site_f5bcf8a88a,site_f5bcf8a88a,2025-11-20T22:45:00+00:00,2025-11-20T22:45:00+00:00,2025-11-20T23:00:00+00:00,814.34351823,29.31636666,True,fcfs: first available slot,done
real-000301,site_ad3433ffac,site_ad3433ffac,2025-11-20T23:00:00+00:00,2025-11-20T23:00:00+00:00,2025-11-20T23:15:00+00:00,118.20061892,4.25522228,True,fcfs: first available slot,done
real-000302,site_e726c7cce5,site_e726c7cce5,2025-11-20T23:00:00+00:00,2025-11-20T23:00:00+00:00,2025-11-20T23:15:00+00:00,37.12951128,1.33666241,True,fcfs: first available slot,done
real-000303,site_f5bcf8a88a,site_f5bcf8a88a,2025-11-20T23:00:00+00:00,2025-11-20T23:00:00+00:00,2025-11-20T23:15:00+00:00,336.24934115,12.10497628,True,fcfs: first available slot,done
